[
  1,
  [
    "f0BIwQ8D5Ml7nTNQbh1YlS",
    "ecpdLyjvZBwrvm+cedCcQy",
    "e97GVMl6JHh5Ml5qEDdSGa",
    "29FYIk+N1GYaeWH/q1NxQO",
    "71VhFCTINJM6/Ky3oX9nBT",
    "c0npNnrm5HiJbr+uTd34DB",
    "b4P/PCArtIdIH38t6mlw8Y",
    "e8Ueib+qJEhL6mXAHdnwbi"
  ],
  [
    "node",
    "_textureSetter",
    "_parent",
    "_spriteFrame",
    "_N$normalSprite",
    "_N$pressedSprite",
    "_N$hoverSprite",
    "_N$disabledSprite",
    "label",
    "scene",
    "manifestUrl"
  ],
  [
    [
      "cc.Node",
      [
        "_name",
        "_objFlags",
        "_id",
        "_components",
        "_contentSize",
        "_children",
        "_trs",
        "_parent",
        "_color"
      ],
      0,
      9,
      5,
      2,
      7,
      1,
      5
    ],
    "cc.SpriteFrame",
    [
      "cc.Widget",
      [
        "_alignFlags",
        "alignMode",
        "_originalWidth",
        "_originalHeight",
        "node"
      ],
      -1,
      1
    ],
    [
      "cc.Label",
      [
        "_string",
        "_N$horizontalAlign",
        "_N$verticalAlign",
        "_fontSize",
        "_enableWrapText",
        "_N$overflow",
        "_N$cacheMode",
        "node",
        "_materials"
      ],
      -4,
      1,
      3
    ],
    [
      "cc.SceneAsset",
      [
        "_name",
        "asyncLoadAssets"
      ],
      1
    ],
    [
      "cc.Node",
      [
        "_name",
        "_parent",
        "_components",
        "_contentSize",
        "_trs"
      ],
      2,
      1,
      2,
      5,
      7
    ],
    [
      "cc.Canvas",
      [
        "node"
      ],
      3,
      1
    ],
    [
      "dfe40aLJf5NebokMTTR+hmy",
      [
        "node",
        "label",
        "manifestUrl"
      ],
      3,
      1,
      1,
      6
    ],
    [
      "cc.Sprite",
      [
        "_type",
        "_sizeMode",
        "node",
        "_materials",
        "_spriteFrame"
      ],
      1,
      1,
      3,
      6
    ],
    [
      "cc.Button",
      [
        "_N$transition",
        "node",
        "clickEvents",
        "_N$normalColor",
        "_N$pressedColor",
        "_N$disabledColor",
        "_N$target",
        "_N$normalSprite",
        "_N$pressedSprite",
        "_N$hoverSprite",
        "_N$disabledSprite"
      ],
      2,
      1,
      9,
      5,
      5,
      5,
      1,
      6,
      6,
      6,
      6
    ],
    [
      "cc.ClickEvent",
      [
        "_componentId",
        "handler",
        "target"
      ],
      1,
      1
    ],
    [
      "cc.Scene",
      [
        "_name",
        "_children",
        "_anchorPoint",
        "_trs"
      ],
      2,
      2,
      5,
      7
    ],
    [
      "cc.Camera",
      [
        "_clearFlags",
        "_depth",
        "node"
      ],
      1,
      1
    ]
  ],
  [
    [
      0,
      0,
      1,
      5,
      3,
      4,
      3
    ],
    [
      0,
      0,
      7,
      5,
      3,
      4,
      6,
      2
    ],
    [
      0,
      0,
      1,
      7,
      3,
      8,
      4,
      3
    ],
    [
      2,
      1,
      0,
      2,
      3,
      4,
      5
    ],
    [
      8,
      0,
      1,
      2,
      3,
      4,
      3
    ],
    [
      9,
      0,
      1,
      2,
      3,
      4,
      5,
      6,
      7,
      8,
      9,
      10,
      2
    ],
    [
      10,
      0,
      1,
      2,
      3
    ],
    [
      3,
      0,
      3,
      4,
      1,
      2,
      5,
      6,
      7,
      8,
      8
    ],
    [
      4,
      0,
      1,
      3
    ],
    [
      0,
      0,
      2,
      5,
      3,
      4,
      6,
      3
    ],
    [
      0,
      0,
      7,
      3,
      4,
      6,
      2
    ],
    [
      5,
      0,
      1,
      2,
      3,
      4,
      2
    ],
    [
      6,
      0,
      1
    ],
    [
      2,
      0,
      4,
      2
    ],
    [
      7,
      0,
      1,
      2,
      1
    ],
    [
      11,
      0,
      1,
      2,
      3,
      2
    ],
    [
      12,
      0,
      1,
      2,
      3
    ],
    [
      3,
      0,
      1,
      2,
      7,
      8,
      4
    ]
  ],
  [
    [
      [
        {
          "name": "default_btn_disabled",
          "rect": [
            0,
            0,
            40,
            40
          ],
          "offset": [
            0,
            0
          ],
          "originalSize": [
            40,
            40
          ],
          "capInsets": [
            12,
            12,
            12,
            12
          ]
        }
      ],
      [
        1
      ],
      0,
      [
        0
      ],
      [
        1
      ],
      [
        4
      ]
    ],
    [
      [
        [
          8,
          "main",
          null
        ],
        [
          9,
          "Canvas",
          "a5esZu+45LA5mBpvttspPD",
          [
            -5,
            -6,
            -7,
            -8
          ],
          [
            [
              12,
              -1
            ],
            [
              13,
              45,
              -2
            ],
            [
              14,
              -4,
              -3,
              15
            ]
          ],
          [
            5,
            960,
            640
          ],
          [
            480,
            320,
            0,
            0,
            0,
            0,
            1,
            1,
            1,
            1
          ]
        ],
        [
          0,
          "Background",
          512,
          [
            -11
          ],
          [
            [
              4,
              1,
              0,
              -9,
              [
                1
              ],
              2
            ],
            [
              3,
              0,
              45,
              100,
              40,
              -10
            ]
          ],
          [
            5,
            100,
            40
          ]
        ],
        [
          0,
          "Background",
          512,
          [
            -14
          ],
          [
            [
              4,
              1,
              0,
              -12,
              [
                8
              ],
              9
            ],
            [
              3,
              0,
              45,
              100,
              40,
              -13
            ]
          ],
          [
            5,
            100,
            40
          ]
        ],
        [
          1,
          "New Button",
          1,
          [
            2
          ],
          [
            [
              5,
              2,
              -15,
              [
                [
                  6,
                  "dfe40aLJf5NebokMTTR+hmy",
                  "checkUpdate",
                  1
                ]
              ],
              [
                4,
                4293322470
              ],
              [
                4,
                4291348680
              ],
              [
                4,
                3363338360
              ],
              2,
              3,
              4,
              5,
              6
            ]
          ],
          [
            5,
            100,
            40
          ],
          [
            -200,
            -70,
            0,
            0,
            0,
            0,
            1,
            1,
            1,
            1
          ]
        ],
        [
          1,
          "New Button",
          1,
          [
            3
          ],
          [
            [
              5,
              2,
              -16,
              [
                [
                  6,
                  "dfe40aLJf5NebokMTTR+hmy",
                  "hotUpdate",
                  1
                ]
              ],
              [
                4,
                4293322470
              ],
              [
                4,
                4291348680
              ],
              [
                4,
                3363338360
              ],
              3,
              10,
              11,
              12,
              13
            ]
          ],
          [
            5,
            100,
            40
          ],
          [
            200,
            -70,
            0,
            0,
            0,
            0,
            1,
            1,
            1,
            1
          ]
        ],
        [
          15,
          "New Node",
          [
            1
          ],
          [
            0,
            0,
            0
          ],
          [
            0,
            0,
            0,
            0,
            0,
            0,
            1,
            1,
            1,
            1
          ]
        ],
        [
          10,
          "Main Camera",
          1,
          [
            [
              16,
              7,
              -1,
              -17
            ]
          ],
          [
            5,
            960,
            640
          ],
          [
            0,
            0,
            358.5345171667576,
            0,
            0,
            0,
            1,
            1,
            1,
            1
          ]
        ],
        [
          2,
          "Label",
          512,
          2,
          [
            [
              7,
              "检查更新",
              20,
              false,
              1,
              1,
              1,
              1,
              -18,
              [
                0
              ]
            ]
          ],
          [
            4,
            4278190080
          ],
          [
            5,
            100,
            40
          ]
        ],
        [
          2,
          "Label",
          512,
          3,
          [
            [
              7,
              "更新",
              20,
              false,
              1,
              1,
              1,
              1,
              -19,
              [
                7
              ]
            ]
          ],
          [
            4,
            4278190080
          ],
          [
            5,
            100,
            40
          ]
        ],
        [
          11,
          "New Label",
          1,
          [
            -20
          ],
          [
            5,
            160,
            50.4
          ],
          [
            0,
            100,
            0,
            0,
            0,
            0,
            1,
            1,
            1,
            1
          ]
        ],
        [
          17,
          "说明文本",
          1,
          1,
          10,
          [
            14
          ]
        ]
      ],
      0,
      [
        0,
        0,
        1,
        0,
        0,
        1,
        0,
        8,
        11,
        0,
        0,
        1,
        0,
        -1,
        7,
        0,
        -2,
        4,
        0,
        -3,
        5,
        0,
        -4,
        10,
        0,
        0,
        2,
        0,
        0,
        2,
        0,
        -1,
        8,
        0,
        0,
        3,
        0,
        0,
        3,
        0,
        -1,
        9,
        0,
        0,
        4,
        0,
        0,
        5,
        0,
        0,
        7,
        0,
        0,
        8,
        0,
        0,
        9,
        0,
        -1,
        11,
        0,
        9,
        6,
        1,
        2,
        6,
        2,
        2,
        4,
        3,
        2,
        5,
        20
      ],
      [
        0,
        0,
        0,
        0,
        0,
        0,
        0,
        0,
        0,
        0,
        0,
        0,
        0,
        0,
        0,
        0
      ],
      [
        -1,
        -1,
        3,
        4,
        5,
        6,
        7,
        -1,
        -1,
        3,
        4,
        5,
        6,
        7,
        -1,
        10
      ],
      [
        1,
        1,
        0,
        0,
        2,
        0,
        3,
        1,
        1,
        0,
        0,
        2,
        0,
        3,
        1,
        5
      ]
    ],
    [
      [
        {
          "name": "default_btn_pressed",
          "rect": [
            0,
            0,
            40,
            40
          ],
          "offset": [
            0,
            0
          ],
          "originalSize": [
            40,
            40
          ],
          "capInsets": [
            12,
            12,
            12,
            12
          ]
        }
      ],
      [
        1
      ],
      0,
      [
        0
      ],
      [
        1
      ],
      [
        6
      ]
    ],
    [
      [
        {
          "name": "default_btn_normal",
          "rect": [
            0,
            0,
            40,
            40
          ],
          "offset": [
            0,
            0
          ],
          "originalSize": [
            40,
            40
          ],
          "capInsets": [
            12,
            12,
            12,
            12
          ]
        }
      ],
      [
        1
      ],
      0,
      [
        0
      ],
      [
        1
      ],
      [
        7
      ]
    ]
  ]
]